name,interface_number,shift_number,swap_number,material_lower,material_lower_primitive_cell,material_lower_percent,material_lower_bulk_n,material_lower_bulk_E_dft,material_lower_bulk_E_mlp,material_lower_termination_min_layer_loc,material_lower_termination_max_layer_loc,material_lower_termination_n_atoms,material_lower_miller_hkl,material_lower_miller_h,material_lower_miller_k,material_lower_miller_l,material_upper,material_upper_primitive_cell,material_upper_bulk_n,material_upper_bulk_E_dft,material_upper_bulk_E_mlp,material_upper_termination_min_layer_loc,material_upper_termination_max_layer_loc,material_upper_termination_n_atoms,material_upper_miller_hkl,material_upper_miller_h,material_upper_miller_k,material_upper_miller_l,material_shift_a,material_shift_b,material_shift_c,material_vector_mismatch_%,material_angle_mismatch_Â°,material_area_mismatch_%,interface_atoms_n,interface_electron_n,interface_E_dft@dft,interface_E_dft@mlp,interface_E_bulk_form_dft,interface_E_form_delta_dft@dft,interface_E_form_delta_dft@mlp,interface_compute_nodes_dft,interface_compute_time_seconds,interface_compute_time_per_electron_dft,interface_E_mlp@mlp,interface_E_mlp@dft,interface_E_bulk_form_mlp,interface_E_form_delta_mlp@mlp,interface_E_form_delta_mlp@dft,interface_compute_nodes_mlp,interface_compute_time_seconds_mlp,interface_compute_time_per_electron_mlp,mlp_n_times_faster,dft_mlp_rank_distance,fill_colour,is_shift,is_swap,is_valid,is_comparable_dft@dft_mlp@mlp,dft@dft_vs_mlp@mlp_rank_dft,dft@dft_vs_mlp@mlp_rank_mlp,dft@dft_vs_mlp@mlp_rank_distance,dft@dft_vs_mlp@mlp_line_colour,is_comparable_dft@dft_dft@mlp,dft@dft_vs_dft@mlp_rank_dft,dft@dft_vs_dft@mlp_rank_mlp,dft@dft_vs_dft@mlp_rank_distance,dft@dft_vs_dft@mlp_line_colour,is_comparable_mlp@dft_mlp@mlp,mlp@dft_vs_mlp@mlp_rank_dft,mlp@dft_vs_mlp@mlp_rank_mlp,mlp@dft_vs_mlp@mlp_rank_distance,mlp@dft_vs_mlp@mlp_line_colour,is_broken
168_Sn72Ge96_011_011_a0.126126_b0.537975_c2.163935_interface4shift8,4,8,8,Sn,False,4.761904761904762,8,-29.90800429,-34.349418,-0.02397,0.02397,12,011,0,1,1,Ge,False,8,-35.08485951,-38.831661,-0.0275,0.0275,16,011,0,1,1,0.126126,0.537975,2.163935,0.675974071,0.0,1.356506348,168,672,-675.23362422,-755.095887,-4.062053987500001,-3.6323854786904763,-4.059016714285714,4,,7.845238095238095,-767.893843,,-4.5738174375,-4.135195023809523,,1,,6.168154761904762,1.2718938480096502,,"(0.4470588235294118, 0.09411764705882353, 0.9019607843137255)",True,False,True,True,25,30,5,"(0.16470588235294117, 0.8313725490196079, 0.0)",True,25,25,0,"(0.0, 1.0, 0.0)",False,,,,,False
108_Sn48Ge60_001_001_a0.930233_b0.224806_c2.2_interface10shift5,10,5,5,Sn,False,7.4074074074074066,8,-29.90800429,-34.349418,-0.0339,0.0339,8,001,0,0,1,Ge,False,8,-35.08485951,-38.831661,-0.03888,0.03888,10,001,0,0,1,0.930233,0.224806,2.2,2.520913124,0.0,4.978269577,108,432,,,,,,4,,,-488.449032,,-4.5738174375,-3.8450736388888886,,1,,,,,,True,False,False,False,,,,,False,,,,,False,,,,,False
168_Sn72Ge96_011_011_a0.126126_b0.531646_c2.163935_interface4shift1,4,1,1,Sn,False,4.761904761904762,8,-29.90800429,-34.349418,-0.02397,0.02397,12,011,0,1,1,Ge,False,8,-35.08485951,-38.831661,-0.0275,0.0275,16,011,0,1,1,0.126126,0.531646,2.163935,0.675974071,0.0,1.356506348,168,672,-674.98914004,-755.027413,-4.062053987500001,-3.6309302157142858,-4.058609130952381,4,,7.958333333333333,-767.893854,,-4.5738174375,-4.135195089285714,,1,,6.230654761904762,1.2772868402197277,,"(0.4470588235294118, 0.09411764705882353, 0.9019607843137255)",True,False,True,True,29,29,0,"(0.0, 1.0, 0.0)",True,29,28,1,"(0.03137254901960784, 0.9647058823529412, 0.0)",False,,,,,False
48_Sn24Ge24_012_125_a0.077519_b0.93299_c1.589553_interface13shift1,13,1,1,Sn,False,16.666666666666664,8,-29.90800429,-34.349418,-0.04167,0.04167,4,012,0,1,2,Ge,False,8,-35.08485951,-38.831661,-0.04167,0.04167,4,125,1,2,5,0.077519,0.93299,1.589553,3.610095024,0.581727207,6.898111343,48,192,-157.26312799,-186.268811,-4.062053987500001,-1.9222971706249996,-2.355994416666667,4,,5.583333333333333,-209.575432,,-4.5738174375,-2.841549020833334,,1,,3.5989583333333335,1.5513748191027494,,"(0.32941176470588235, 0.32941176470588235, 0.6666666666666666)",True,False,True,True,47,47,0,"(0.0, 1.0, 0.0)",True,47,50,3,"(0.058823529411764705, 0.9372549019607843, 0.0)",False,,,,,False
168_Sn72Ge96_111_111_a0.512658_b0.183544_c2.262295_interface5shift3,5,3,3,Sn,False,4.761904761904762,8,-29.90800429,-34.349418,-0.02936,0.02936,12,111,1,1,1,Ge,False,8,-35.08485951,-38.831661,-0.03367,0.03367,16,111,1,1,1,0.512658,0.183544,2.262295,0.675974071,0.0,1.356506348,168,672,-681.67780979,-766.223451,-4.062053987500001,-3.670743726130952,-4.125252214285713,4,,13.761904761904763,-768.484889,,-4.5738174375,-4.138713154761904,,1,,0.8214285714285714,16.7536231884058,,"(0.4470588235294118, 0.09411764705882353, 0.9019607843137255)",True,False,True,True,17,19,2,"(0.10196078431372549, 0.8941176470588236, 0.0)",True,17,17,0,"(0.0, 1.0, 0.0)",False,,,,,False
180_Sn36Ge144_012_011_a0.506944_b0.134021_c1.887594_interface7shift1,7,1,1,Sn,False,4.444444444444445,8,-29.90800429,-34.349418,-0.04167,0.04167,6,012,0,1,2,Ge,False,8,-35.08485951,-38.831661,-0.0275,0.0275,24,011,0,1,1,0.506944,0.134021,1.887594,4.490381241,0.0,3.84477973,180,720,-733.42145312,-819.813385,-4.062053987500001,-3.713492162888889,-4.147957255555555,4,,12.794444444444444,-837.987933,,-4.5738174375,-4.248926966666667,,1,,2.370833333333333,5.39660222612771,,"(0.45098039215686275, 0.08627450980392157, 0.9098039215686274)",True,False,True,True,11,13,2,"(0.15294117647058825, 0.8431372549019608, 0.0)",True,11,3,8,"(0.7254901960784313, 0.27058823529411763, 0.0)",False,,,,,False
336_Sn144Ge192_011_011_a0.948454_b0.185567_c2.163935_interface1shift4,1,4,4,Sn,False,2.380952380952381,8,-29.90800429,-34.349418,-0.02397,0.02397,24,011,0,1,1,Ge,False,8,-35.08485951,-38.831661,-0.0275,0.0275,32,011,0,1,1,0.948454,0.185567,2.163935,0.675972462,0.0,1.356506348,336,1344,,,,,,4,,,,,,,,1,,,,,,True,False,False,False,,,,,False,,,,,False,,,,,
48_Sn24Ge24_012_125_a0.100775_b0.948454_c1.490206_interface12shift7,12,7,7,Sn,False,16.666666666666664,8,-29.90800429,-34.349418,-0.04167,0.04167,4,012,0,1,2,Ge,False,8,-35.08485951,-38.831661,-0.04167,0.04167,4,125,1,2,5,0.100775,0.948454,1.490206,3.610095024,0.581727207,6.898111343,48,192,-158.21044123,-187.477797,-4.062053987500001,-1.9420328631249995,-2.381181625,4,,5.416666666666667,-209.100549,,-4.5738174375,-2.831655625,,1,,2.828125,1.9152854511970534,,"(0.32941176470588235, 0.32941176470588235, 0.6666666666666666)",True,False,True,True,44,54,10,"(0.1843137254901961, 0.8117647058823529, 0.0)",True,44,42,2,"(0.043137254901960784, 0.9529411764705882, 0.0)",False,,,,,False
168_Sn72Ge96_011_011_a0.664557_b0.061856_c2.163935_interface3shift2,3,2,2,Sn,False,4.761904761904762,8,-29.90800429,-34.349418,-0.02397,0.02397,12,011,0,1,1,Ge,False,8,-35.08485951,-38.831661,-0.0275,0.0275,16,011,0,1,1,0.664557,0.061856,2.163935,0.675974071,0.0,1.356506348,168,672,-674.77334903,-754.954455,-4.062053987500001,-3.629645745416666,-4.058174857142857,4,,11.958333333333334,-767.872434,,-4.5738174375,-4.135067589285714,,1,,6.688988095238095,1.7877641824249169,,"(0.4470588235294118, 0.09411764705882353, 0.9019607843137255)",True,False,True,True,33,34,1,"(0.027450980392156862, 0.9686274509803922, 0.0)",True,33,35,2,"(0.054901960784313725, 0.9411764705882353, 0.0)",False,,,,,False
108_Sn48Ge60_001_001_a0.426357_b0.224806_c2.2_interface10shift6,10,6,6,Sn,False,7.4074074074074066,8,-29.90800429,-34.349418,-0.0339,0.0339,8,001,0,0,1,Ge,False,8,-35.08485951,-38.831661,-0.03888,0.03888,10,001,0,0,1,0.426357,0.224806,2.2,2.520913124,0.0,4.978269577,108,432,,,,,,4,,,-488.449885,,-4.5738174375,-3.845081537037037,,1,,1.2569444444444444,,,,True,False,False,False,,,,,False,,,,,False,,,,,False
108_Sn48Ge60_001_001_a0.728682_b0.325581_c2.2_interface10shift2,10,2,2,Sn,False,7.4074074074074066,8,-29.90800429,-34.349418,-0.0339,0.0339,8,001,0,0,1,Ge,False,8,-35.08485951,-38.831661,-0.03888,0.03888,10,001,0,0,1,0.728682,0.325581,2.2,2.520913124,0.0,4.978269577,108,432,,,,,,4,,,-488.449438,,-4.5738174375,-3.845077398148148,,1,,1.2083333333333333,,,,True,False,False,False,,,,,False,,,,,False,,,,,False
180_Sn36Ge144_012_011_a0.506944_b0.134021_c1.887594_interface8shift1,8,1,1,Sn,False,4.444444444444445,8,-29.90800429,-34.349418,-0.04167,0.04167,6,012,0,1,2,Ge,False,8,-35.08485951,-38.831661,-0.0275,0.0275,24,011,0,1,1,0.506944,0.134021,1.887594,4.490381241,0.0,3.84477973,180,720,-733.74131213,-819.042496,-4.062053987500001,-3.7152691573888887,-4.143674538888889,4,,12.916666666666666,-838.654653,,-4.5738174375,-4.2526309666666675,,1,,1.6861111111111111,7.660626029654036,,"(0.45098039215686275, 0.08627450980392157, 0.9098039215686274)",True,False,True,True,7,10,3,"(0.2980392156862745, 0.6980392156862745, 0.0)",True,7,12,5,"(0.41568627450980394, 0.5803921568627451, 0.0)",False,,,,,False
48_Sn24Ge24_012_125_a0.0_b0.0_c0.0_interface13shift1,13,1,1,Sn,False,16.666666666666664,8,-29.90800429,-34.349418,-0.04167,0.04167,4,012,0,1,2,Ge,False,8,-35.08485951,-38.831661,-0.04167,0.04167,4,125,1,2,5,0.0,0.0,0.0,3.610095024,0.581727207,6.898111343,48,192,109.53410978,18.723367,-4.062053987500001,3.63597861625,1.9146759583333333,4,,5.708333333333333,-216.515443,,-4.5738174375,-2.986132583333333,,1,,3.5208333333333335,1.6213017751479288,,"(0.32941176470588235, 0.32941176470588235, 0.6666666666666666)",False,False,False,True,59,43,16,"(0.27058823529411763, 0.7254901960784313, 0.0)",True,59,59,0,"(0.0, 1.0, 0.0)",False,,,,,False
336_Sn144Ge192_011_011_a0.943299_b0.185567_c2.163935_interface1shift7,1,7,7,Sn,False,2.380952380952381,8,-29.90800429,-34.349418,-0.02397,0.02397,24,011,0,1,1,Ge,False,8,-35.08485951,-38.831661,-0.0275,0.0275,32,011,0,1,1,0.943299,0.185567,2.163935,0.675972462,0.0,1.356506348,336,1344,,,,,,4,,,,,,,,1,,,,,,True,False,False,False,,,,,False,,,,,False,,,,,
96_Sn48Ge48_112_013_a0.333333_b0.15847_c1.286755_interface6shift3,6,3,3,Sn,False,8.333333333333332,8,-29.90800429,-34.349418,-0.04152,0.04152,8,112,1,1,2,Ge,False,8,-35.08485951,-38.831661,-0.04167,0.04167,8,013,0,1,3,0.333333,0.15847,1.286755,2.520913124,0.0,1.861989498,96,384,,,,,,4,,,-429.956781,,-4.5738174375,-3.7164135624999997,,1,,3.2864583333333335,,,,True,False,False,False,,,,,False,,,,,False,,,,,False
108_Sn48Ge60_001_001_a0.317829_b0.193798_c2.2_interface9shift1,9,1,1,Sn,False,7.4074074074074066,8,-29.90800429,-34.349418,-0.0339,0.0339,8,001,0,0,1,Ge,False,8,-35.08485951,-38.831661,-0.03888,0.03888,10,001,0,0,1,0.317829,0.193798,2.2,2.520913124,0.0,4.978269577,108,432,,,,,,4,,,-488.450055,,-4.5738174375,-3.8450831111111112,,1,,1.2453703703703705,,,,True,False,False,False,,,,,False,,,,,False,,,,,False
48_Sn24Ge24_012_125_a0.356589_b0.448454_c1.390859_interface12shift8,12,8,8,Sn,False,16.666666666666664,8,-29.90800429,-34.349418,-0.04167,0.04167,4,012,0,1,2,Ge,False,8,-35.08485951,-38.831661,-0.04167,0.04167,4,125,1,2,5,0.356589,0.448454,1.390859,3.610095024,0.581727207,6.898111343,48,192,-151.01587872,-181.554232,-4.062053987500001,-1.7921461441666662,-2.2577740208333332,4,,5.75,-209.96231,,-4.5738174375,-2.8496089791666663,,1,,5.322916666666667,1.0802348336594911,,"(0.32941176470588235, 0.32941176470588235, 0.6666666666666666)",True,False,True,True,56,45,11,"(0.19607843137254902, 0.8, 0.0)",True,56,56,0,"(0.0, 1.0, 0.0)",False,,,,,False
96_Sn48Ge48_112_013_a0.333333_b0.409836_c1.286755_interface6shift4,6,4,4,Sn,False,8.333333333333332,8,-29.90800429,-34.349418,-0.04152,0.04152,8,112,1,1,2,Ge,False,8,-35.08485951,-38.831661,-0.04167,0.04167,8,013,0,1,3,0.333333,0.409836,1.286755,2.520913124,0.0,1.861989498,96,384,,,,,,4,,,-429.962634,,-4.5738174375,-3.71647453125,,1,,3.3854166666666665,,,,True,False,False,False,,,,,False,,,,,False,,,,,False
336_Sn144Ge192_011_011_a0.57732_b0.103093_c2.163935_interface2shift1,2,1,1,Sn,False,2.380952380952381,8,-29.90800429,-34.349418,-0.02397,0.02397,24,011,0,1,1,Ge,False,8,-35.08485951,-38.831661,-0.0275,0.0275,32,011,0,1,1,0.57732,0.103093,2.163935,0.675972462,0.0,1.356506348,336,1344,,,,,,4,,,,,,,,1,,,,,,True,False,False,False,,,,,False,,,,,False,,,,,
336_Sn144Ge192_011_011_a0.948454_b0.190722_c2.163935_interface1shift5,1,5,5,Sn,False,2.380952380952381,8,-29.90800429,-34.349418,-0.02397,0.02397,24,011,0,1,1,Ge,False,8,-35.08485951,-38.831661,-0.0275,0.0275,32,011,0,1,1,0.948454,0.190722,2.163935,0.675972462,0.0,1.356506348,336,1344,,,,,,4,,,,,,,,1,,,,,,True,False,False,False,,,,,False,,,,,False,,,,,
180_Sn36Ge144_012_011_a0.340278_b0.128866_c1.887594_interface8shift4,8,4,4,Sn,False,4.444444444444445,8,-29.90800429,-34.349418,-0.04167,0.04167,6,012,0,1,2,Ge,False,8,-35.08485951,-38.831661,-0.0275,0.0275,24,011,0,1,1,0.340278,0.128866,1.887594,4.490381241,0.0,3.84477973,180,720,-734.38527382,-819.278528,-4.062053987500001,-3.718846722333333,-4.144985827777778,4,,12.683333333333334,-838.81561,,-4.5738174375,-4.253525172222222,,1,,2.486111111111111,5.101675977653631,,"(0.45098039215686275, 0.08627450980392157, 0.9098039215686274)",True,False,True,True,2,5,3,"(0.6, 0.4, 0.0)",True,2,10,8,"(0.8, 0.19607843137254902, 0.0)",False,,,,,False
96_Sn48Ge48_112_013_a0.333333_b0.661202_c1.286755_interface6shift1,6,1,1,Sn,False,8.333333333333332,8,-29.90800429,-34.349418,-0.04152,0.04152,8,112,1,1,2,Ge,False,8,-35.08485951,-38.831661,-0.04167,0.04167,8,013,0,1,3,0.333333,0.661202,1.286755,2.520913124,0.0,1.861989498,96,384,,,,,,4,,,-429.439544,,-4.5738174375,-3.711025677083333,,1,,2.3177083333333335,,,,True,False,False,False,,,,,False,,,,,False,,,,,False
180_Sn36Ge144_012_011_a0.0_b0.128866_c1.887594_interface7shift2,7,2,2,Sn,False,4.444444444444445,8,-29.90800429,-34.349418,-0.04167,0.04167,6,012,0,1,2,Ge,False,8,-35.08485951,-38.831661,-0.0275,0.0275,24,011,0,1,1,0.0,0.128866,1.887594,4.490381241,0.0,3.84477973,180,720,-733.98644332,-819.993895,-4.062053987500001,-3.7166309973333336,-4.148960088888888,4,,12.783333333333333,-838.947825,,-4.5738174375,-4.2542597,,1,,3.984722222222222,3.2080864412687347,,"(0.45098039215686275, 0.08627450980392157, 0.9098039215686274)",True,False,True,True,5,4,1,"(0.2, 0.8, 0.0)",True,5,2,3,"(0.6, 0.4, 0.0)",False,,,,,False
180_Sn36Ge144_012_011_a0.006944_b0.128866_c1.887594_interface8shift6,8,6,6,Sn,False,4.444444444444445,8,-29.90800429,-34.349418,-0.04167,0.04167,6,012,0,1,2,Ge,False,8,-35.08485951,-38.831661,-0.0275,0.0275,24,011,0,1,1,0.006944,0.128866,1.887594,4.490381241,0.0,3.84477973,180,720,-734.38526204,-819.278519,-4.062053987500001,-3.718846656888889,-4.144985777777777,4,,12.661111111111111,-838.81561,,-4.5738174375,-4.253525172222222,,1,,2.3680555555555554,5.346627565982406,,"(0.45098039215686275, 0.08627450980392157, 0.9098039215686274)",True,False,True,True,3,6,3,"(0.4980392156862745, 0.4980392156862745, 0.0)",True,3,11,8,"(0.7254901960784313, 0.27058823529411763, 0.0)",False,,,,,False
48_Sn24Ge24_012_125_a0.100775_b0.943299_c1.490206_interface12shift6,12,6,6,Sn,False,16.666666666666664,8,-29.90800429,-34.349418,-0.04167,0.04167,4,012,0,1,2,Ge,False,8,-35.08485951,-38.831661,-0.04167,0.04167,4,125,1,2,5,0.100775,0.943299,1.490206,3.610095024,0.581727207,6.898111343,48,192,-155.94469253,-185.735376,-4.062053987500001,-1.894829765208333,-2.3448811875000004,4,,5.4375,-209.503014,,-4.5738174375,-2.8400403124999998,,1,,2.9375,1.851063829787234,,"(0.32941176470588235, 0.32941176470588235, 0.6666666666666666)",True,False,True,True,53,49,4,"(0.07450980392156863, 0.9215686274509803, 0.0)",True,53,52,1,"(0.01568627450980392, 0.9803921568627451, 0.0)",False,,,,,False
336_Sn144Ge192_011_011_a0.443299_b0.020619_c2.163935_interface1shift1,1,1,1,Sn,False,2.380952380952381,8,-29.90800429,-34.349418,-0.02397,0.02397,24,011,0,1,1,Ge,False,8,-35.08485951,-38.831661,-0.0275,0.0275,32,011,0,1,1,0.443299,0.020619,2.163935,0.675972462,0.0,1.356506348,336,1344,,,,,,4,,,,,,,,1,,,,,,True,False,False,False,,,,,False,,,,,False,,,,,
48_Sn24Ge24_012_125_a0.069767_b0.927835_c1.589553_interface13shift8,13,8,8,Sn,False,16.666666666666664,8,-29.90800429,-34.349418,-0.04167,0.04167,4,012,0,1,2,Ge,False,8,-35.08485951,-38.831661,-0.04167,0.04167,4,125,1,2,5,0.069767,0.927835,1.589553,3.610095024,0.581727207,6.898111343,48,192,-158.09834602,-186.852799,-4.062053987500001,-1.93969754625,-2.368160833333333,4,,5.645833333333333,-208.507582,,-4.5738174375,-2.8193021458333334,,1,,2.765625,2.041431261770245,,"(0.32941176470588235, 0.32941176470588235, 0.6666666666666666)",True,False,True,True,45,60,15,"(0.24705882352941178, 0.7490196078431373, 0.0)",True,45,46,1,"(0.0196078431372549, 0.9764705882352941, 0.0)",False,,,,,False
336_Sn144Ge192_011_011_a0.0_b0.0_c0.0_interface2shift1,2,1,1,Sn,False,2.380952380952381,8,-29.90800429,-34.349418,-0.02397,0.02397,24,011,0,1,1,Ge,False,8,-35.08485951,-38.831661,-0.0275,0.0275,32,011,0,1,1,0.0,0.0,0.0,0.675972462,0.0,1.356506348,336,1344,,,,,,4,,,,,,,,1,,,,,,False,False,False,False,,,,,False,,,,,False,,,,,
168_Sn72Ge96_011_011_a0.696203_b0.07732_c2.065575_interface3shift8,3,8,8,Sn,False,4.761904761904762,8,-29.90800429,-34.349418,-0.02397,0.02397,12,011,0,1,1,Ge,False,8,-35.08485951,-38.831661,-0.0275,0.0275,16,011,0,1,1,0.696203,0.07732,2.065575,0.675974071,0.0,1.356506348,168,672,-668.57959969,-749.434169,-4.062053987500001,-3.5927781898214284,-4.025316011904762,4,,14.458333333333334,-767.646575,,-4.5738174375,-4.133723190476191,,1,,3.8541666666666665,3.7513513513513517,,"(0.4470588235294118, 0.09411764705882353, 0.9019607843137255)",True,False,True,True,40,39,1,"(0.023529411764705882, 0.9725490196078431, 0.0)",True,40,40,0,"(0.0, 1.0, 0.0)",False,,,,,False
180_Sn36Ge144_012_011_a0.506944_b0.128866_c1.887594_interface7shift3,7,3,3,Sn,False,4.444444444444445,8,-29.90800429,-34.349418,-0.04167,0.04167,6,012,0,1,2,Ge,False,8,-35.08485951,-38.831661,-0.0275,0.0275,24,011,0,1,1,0.506944,0.128866,1.887594,4.490381241,0.0,3.84477973,180,720,-733.96696225,-820.027779,-4.062053987500001,-3.7165227691666667,-4.149148333333334,4,,13.11111111111111,-837.986939,,-4.5738174375,-4.248921444444444,,1,,2.3833333333333333,5.501165501165501,,"(0.45098039215686275, 0.08627450980392157, 0.9098039215686274)",True,False,True,True,6,17,11,"(0.6470588235294118, 0.34901960784313724, 0.0)",True,6,1,5,"(0.8313725490196079, 0.16470588235294117, 0.0)",False,,,,,False
108_Sn48Ge60_001_001_a0.124031_b0.124031_c2.2_interface10shift4,10,4,4,Sn,False,7.4074074074074066,8,-29.90800429,-34.349418,-0.0339,0.0339,8,001,0,0,1,Ge,False,8,-35.08485951,-38.831661,-0.03888,0.03888,10,001,0,0,1,0.124031,0.124031,2.2,2.520913124,0.0,4.978269577,108,432,,,,,,4,,,-488.448853,,-4.5738174375,-3.8450719814814813,,1,,1.1319444444444444,,,,True,False,False,False,,,,,False,,,,,False,,,,,False
336_Sn144Ge192_011_011_a0.695876_b0.103093_c2.163935_interface1shift3,1,3,3,Sn,False,2.380952380952381,8,-29.90800429,-34.349418,-0.02397,0.02397,24,011,0,1,1,Ge,False,8,-35.08485951,-38.831661,-0.0275,0.0275,32,011,0,1,1,0.695876,0.103093,2.163935,0.675972462,0.0,1.356506348,336,1344,,,,,,4,,,,,,,,1,,,,,,True,False,False,False,,,,,False,,,,,False,,,,,
336_Sn144Ge192_011_011_a0.701031_b0.103093_c2.163935_interface1shift8,1,8,8,Sn,False,2.380952380952381,8,-29.90800429,-34.349418,-0.02397,0.02397,24,011,0,1,1,Ge,False,8,-35.08485951,-38.831661,-0.0275,0.0275,32,011,0,1,1,0.701031,0.103093,2.163935,0.675972462,0.0,1.356506348,336,1344,,,,,,4,,,,,,,,1,,,,,,True,False,False,False,,,,,False,,,,,False,,,,,
168_Sn72Ge96_111_111_a0.525316_b0.189873_c2.262295_interface5shift5,5,5,5,Sn,False,4.761904761904762,8,-29.90800429,-34.349418,-0.02936,0.02936,12,111,1,1,1,Ge,False,8,-35.08485951,-38.831661,-0.03367,0.03367,16,111,1,1,1,0.525316,0.189873,2.262295,0.675974071,0.0,1.356506348,168,672,-681.53158873,-766.128496,-4.062053987500001,-3.669873362678571,-4.1246870059523815,4,,13.797619047619047,-768.472943,,-4.5738174375,-4.138642047619048,,1,,0.7693452380952381,17.934235976789168,,"(0.4470588235294118, 0.09411764705882353, 0.9019607843137255)",True,False,True,True,24,26,2,"(0.07450980392156863, 0.9215686274509803, 0.0)",True,24,24,0,"(0.0, 1.0, 0.0)",False,,,,,False
48_Sn24Ge24_012_125_a0.356589_b0.5_c1.490206_interface13shift3,13,3,3,Sn,False,16.666666666666664,8,-29.90800429,-34.349418,-0.04167,0.04167,4,012,0,1,2,Ge,False,8,-35.08485951,-38.831661,-0.04167,0.04167,4,125,1,2,5,0.356589,0.5,1.490206,3.610095024,0.581727207,6.898111343,48,192,-155.53910405,-185.698251,-4.062053987500001,-1.886380005208333,-2.3441077500000005,4,,5.479166666666667,-208.947187,,-4.5738174375,-2.828460583333334,,1,,2.328125,2.353467561521253,,"(0.32941176470588235, 0.32941176470588235, 0.6666666666666666)",True,False,True,True,54,56,2,"(0.03529411764705882, 0.9607843137254902, 0.0)",True,54,53,1,"(0.01568627450980392, 0.9803921568627451, 0.0)",False,,,,,False
168_Sn72Ge96_011_011_a0.0_b0.0_c0.0_interface4shift1,4,1,1,Sn,False,4.761904761904762,8,-29.90800429,-34.349418,-0.02397,0.02397,12,011,0,1,1,Ge,False,8,-35.08485951,-38.831661,-0.0275,0.0275,16,011,0,1,1,0.0,0.0,0.0,0.675974071,0.0,1.356506348,168,672,1782.48685715,462.583556,-4.062053987500001,10.996903100892858,,4,,6.7023809523809526,,,,,,1,,,,,,False,False,False,False,,,,,False,,,,,False,,,,,
108_Sn48Ge60_001_001_a0.976744_b0.147287_c2.2_interface9shift3,9,3,3,Sn,False,7.4074074074074066,8,-29.90800429,-34.349418,-0.0339,0.0339,8,001,0,0,1,Ge,False,8,-35.08485951,-38.831661,-0.03888,0.03888,10,001,0,0,1,0.976744,0.147287,2.2,2.520913124,0.0,4.978269577,108,432,,,,,,4,,,-488.445312,,-4.5738174375,-3.8450391944444444,,1,,,,,,True,False,False,False,,,,,False,,,,,False,,,,,False
108_Sn48Ge60_001_001_a0.883721_b0.379845_c2.2_interface10shift7,10,7,7,Sn,False,7.4074074074074066,8,-29.90800429,-34.349418,-0.0339,0.0339,8,001,0,0,1,Ge,False,8,-35.08485951,-38.831661,-0.03888,0.03888,10,001,0,0,1,0.883721,0.379845,2.2,2.520913124,0.0,4.978269577,108,432,,,,,,4,,,-488.448849,,-4.5738174375,-3.8450719444444443,,1,,,,,,True,False,False,False,,,,,False,,,,,False,,,,,False
168_Sn72Ge96_111_111_a0.512658_b0.189873_c2.262295_interface5shift8,5,8,8,Sn,False,4.761904761904762,8,-29.90800429,-34.349418,-0.02936,0.02936,12,111,1,1,1,Ge,False,8,-35.08485951,-38.831661,-0.03367,0.03367,16,111,1,1,1,0.512658,0.189873,2.262295,0.675974071,0.0,1.356506348,168,672,-681.65312979,-766.206393,-4.062053987500001,-3.6705968213690476,-4.125150678571428,4,,13.68452380952381,-768.482651,,-4.5738174375,-4.138699833333334,,1,,0.8303571428571429,16.480286738351253,,"(0.4470588235294118, 0.09411764705882353, 0.9019607843137255)",True,False,True,True,22,24,2,"(0.08235294117647059, 0.9137254901960784, 0.0)",True,22,22,0,"(0.0, 1.0, 0.0)",False,,,,,False
48_Sn24Ge24_012_125_a0.077519_b0.938144_c1.589553_interface13shift5,13,5,5,Sn,False,16.666666666666664,8,-29.90800429,-34.349418,-0.04167,0.04167,4,012,0,1,2,Ge,False,8,-35.08485951,-38.831661,-0.04167,0.04167,4,125,1,2,5,0.077519,0.938144,1.589553,3.610095024,0.581727207,6.898111343,48,192,-156.10648846,-185.526332,-4.062053987500001,-1.89820051375,-2.340526104166667,4,,5.958333333333333,-209.519896,,-4.5738174375,-2.8403920208333333,,1,,5.739583333333333,1.0381125226860255,,"(0.32941176470588235, 0.32941176470588235, 0.6666666666666666)",True,False,True,True,51,48,3,"(0.058823529411764705, 0.9411764705882353, 0.0)",True,51,54,3,"(0.054901960784313725, 0.9411764705882353, 0.0)",False,,,,,False
48_Sn24Ge24_012_125_a0.077519_b0.0_c1.490206_interface13shift6,13,6,6,Sn,False,16.666666666666664,8,-29.90800429,-34.349418,-0.04167,0.04167,4,012,0,1,2,Ge,False,8,-35.08485951,-38.831661,-0.04167,0.04167,4,125,1,2,5,0.077519,0.0,1.490206,3.610095024,0.581727207,6.898111343,48,192,-161.75970214,-190.493187,-4.062053987500001,-2.01597579875,-2.4440022500000005,4,,5.9375,-209.601858,,-4.5738174375,-2.8420995624999996,,1,,3.5833333333333335,1.6569767441860463,,"(0.32941176470588235, 0.32941176470588235, 0.6666666666666666)",True,False,True,True,41,46,5,"(0.10588235294117647, 0.8901960784313725, 0.0)",True,41,41,0,"(0.0, 1.0, 0.0)",False,,,,,False
336_Sn144Ge192_011_011_a0.582474_b0.097938_c2.163935_interface2shift2,2,2,2,Sn,False,2.380952380952381,8,-29.90800429,-34.349418,-0.02397,0.02397,24,011,0,1,1,Ge,False,8,-35.08485951,-38.831661,-0.0275,0.0275,32,011,0,1,1,0.582474,0.097938,2.163935,0.675972462,0.0,1.356506348,336,1344,,,,,,4,,,,,,,,1,,,,,,True,False,False,False,,,,,False,,,,,False,,,,,
168_Sn72Ge96_111_111_a0.183544_b0.018987_c2.262295_interface5shift4,5,4,4,Sn,False,4.761904761904762,8,-29.90800429,-34.349418,-0.02936,0.02936,12,111,1,1,1,Ge,False,8,-35.08485951,-38.831661,-0.03367,0.03367,16,111,1,1,1,0.183544,0.018987,2.262295,0.675974071,0.0,1.356506348,168,672,-681.67735338,-766.219868,-4.062053987500001,-3.670741009404762,-4.125230886904761,4,,13.779761904761905,-768.484441,,-4.5738174375,-4.138710488095238,,1,,0.8229166666666666,16.745027124773962,,"(0.4470588235294118, 0.09411764705882353, 0.9019607843137255)",True,False,True,True,19,21,2,"(0.09411764705882353, 0.9019607843137255, 0.0)",True,19,19,0,"(0.0, 1.0, 0.0)",False,,,,,False
336_Sn144Ge192_011_011_a0.082474_b0.268041_c2.163935_interface2shift4,2,4,4,Sn,False,2.380952380952381,8,-29.90800429,-34.349418,-0.02397,0.02397,24,011,0,1,1,Ge,False,8,-35.08485951,-38.831661,-0.0275,0.0275,32,011,0,1,1,0.082474,0.268041,2.163935,0.675972462,0.0,1.356506348,336,1344,,,,,,4,,,,,,,,1,,,,,,True,False,False,False,,,,,False,,,,,False,,,,,
180_Sn36Ge144_012_011_a0.847222_b0.134021_c1.887594_interface7shift4,7,4,4,Sn,False,4.444444444444445,8,-29.90800429,-34.349418,-0.04167,0.04167,6,012,0,1,2,Ge,False,8,-35.08485951,-38.831661,-0.0275,0.0275,24,011,0,1,1,0.847222,0.134021,1.887594,4.490381241,0.0,3.84477973,180,720,-732.96940043,-819.403475,-4.062053987500001,-3.710980759055555,-4.145679977777777,4,,12.805555555555555,-837.928507,,-4.5738174375,-4.248596822222222,,1,,2.2125,5.78782172002511,,"(0.45098039215686275, 0.08627450980392157, 0.9098039215686274)",True,False,True,True,16,18,2,"(0.10980392156862745, 0.8862745098039215, 0.0)",True,16,8,8,"(0.4980392156862745, 0.4980392156862745, 0.0)",False,,,,,False
336_Sn144Ge192_011_011_a0.835052_b0.015464_c2.163935_interface2shift6,2,6,6,Sn,False,2.380952380952381,8,-29.90800429,-34.349418,-0.02397,0.02397,24,011,0,1,1,Ge,False,8,-35.08485951,-38.831661,-0.0275,0.0275,32,011,0,1,1,0.835052,0.015464,2.163935,0.675972462,0.0,1.356506348,336,1344,,,,,,4,,,,,,,,1,,,,,,True,False,False,False,,,,,False,,,,,False,,,,,
108_Sn48Ge60_001_001_a0.139535_b0.213115_c2.2_interface11shift6,11,6,6,Sn,False,7.4074074074074066,8,-29.90800429,-34.349418,-0.0339,0.0339,8,001,0,0,1,Ge,False,8,-35.08485951,-38.831661,-0.03888,0.03888,10,001,0,0,1,0.139535,0.213115,2.2,2.520913124,0.0,4.978281021,108,432,,,,,,4,,,-488.44955,,-4.5738174375,-3.8450784351851848,,1,,1.2037037037037037,,,,True,False,False,False,,,,,False,,,,,False,,,,,False
180_Sn36Ge144_012_011_a0.0_b0.0_c0.0_interface8shift1,8,1,1,Sn,False,4.444444444444445,8,-29.90800429,-34.349418,-0.04167,0.04167,6,012,0,1,2,Ge,False,8,-35.08485951,-38.831661,-0.0275,0.0275,24,011,0,1,1,0.0,0.0,0.0,4.490381241,0.0,3.84477973,180,720,195.11113885,-107.534436,-4.062053987500001,1.4450222369444443,-0.19085198333333334,4,,10.672222222222222,-842.187345,,-4.5738174375,-4.272257033333334,,1,,3.4972222222222222,3.0516282764098492,,"(0.45098039215686275, 0.08627450980392157, 0.9098039215686274)",False,False,False,True,57,1,56,"(0.9803921568627451, 0.01568627450980392, 0.0)",True,57,57,0,"(0.0, 1.0, 0.0)",False,,,,,False
168_Sn72Ge96_011_011_a0.126126_b0.031646_c2.163935_interface4shift6,4,6,6,Sn,False,4.761904761904762,8,-29.90800429,-34.349418,-0.02397,0.02397,12,011,0,1,1,Ge,False,8,-35.08485951,-38.831661,-0.0275,0.0275,16,011,0,1,1,0.126126,0.031646,2.163935,0.675974071,0.0,1.356506348,168,672,-674.98913999,-755.027413,-4.062053987500001,-3.6309302154166665,-4.058609130952381,4,,7.964285714285714,-767.893856,,-4.5738174375,-4.135195101190476,,1,,6.122023809523809,1.3009236752552262,,"(0.4470588235294118, 0.09411764705882353, 0.9019607843137255)",True,False,True,True,30,28,2,"(0.06666666666666667, 0.9333333333333333, 0.0)",True,30,29,1,"(0.03137254901960784, 0.9647058823529412, 0.0)",False,,,,,False
108_Sn48Ge60_001_001_a0.155039_b0.224044_c2.2_interface11shift4,11,4,4,Sn,False,7.4074074074074066,8,-29.90800429,-34.349418,-0.0339,0.0339,8,001,0,0,1,Ge,False,8,-35.08485951,-38.831661,-0.03888,0.03888,10,001,0,0,1,0.155039,0.224044,2.2,2.520913124,0.0,4.978281021,108,432,,,,,,4,,,-488.447812,,-4.5738174375,-3.8450623425925925,,1,,1.3472222222222223,,,,True,False,False,False,,,,,False,,,,,False,,,,,False
168_Sn72Ge96_011_011_a0.164557_b0.06701_c2.163935_interface3shift5,3,5,5,Sn,False,4.761904761904762,8,-29.90800429,-34.349418,-0.02397,0.02397,12,011,0,1,1,Ge,False,8,-35.08485951,-38.831661,-0.0275,0.0275,16,011,0,1,1,0.164557,0.06701,2.163935,0.675974071,0.0,1.356506348,168,672,-674.61211452,-754.901794,-4.062053987500001,-3.628686016190476,-4.057861398809523,4,,14.047619047619047,-767.813598,,-4.5738174375,-4.134717375,,1,,5.238095238095238,2.6818181818181817,,"(0.4470588235294118, 0.09411764705882353, 0.9019607843137255)",True,False,True,True,37,36,1,"(0.023529411764705882, 0.9725490196078431, 0.0)",True,37,38,1,"(0.023529411764705882, 0.9725490196078431, 0.0)",False,,,,,False
108_Sn48Ge60_001_001_a0.139535_b0.218579_c2.2_interface11shift3,11,3,3,Sn,False,7.4074074074074066,8,-29.90800429,-34.349418,-0.0339,0.0339,8,001,0,0,1,Ge,False,8,-35.08485951,-38.831661,-0.03888,0.03888,10,001,0,0,1,0.139535,0.218579,2.2,2.520913124,0.0,4.978281021,108,432,,,,,,4,,,-488.449442,,-4.5738174375,-3.845077435185185,,1,,1.1597222222222223,,,,True,False,False,False,,,,,False,,,,,False,,,,,False
96_Sn48Ge48_112_013_a0.333333_b0.912568_c1.286755_interface6shift2,6,2,2,Sn,False,8.333333333333332,8,-29.90800429,-34.349418,-0.04152,0.04152,8,112,1,1,2,Ge,False,8,-35.08485951,-38.831661,-0.04167,0.04167,8,013,0,1,3,0.333333,0.912568,1.286755,2.520913124,0.0,1.861989498,96,384,,,,,,4,,,-429.458199,,-4.5738174375,-3.7112199999999995,,1,,3.0651041666666665,,,,True,False,False,False,,,,,False,,,,,False,,,,,False
168_Sn72Ge96_011_011_a0.664557_b0.056701_c2.163935_interface3shift7,3,7,7,Sn,False,4.761904761904762,8,-29.90800429,-34.349418,-0.02397,0.02397,12,011,0,1,1,Ge,False,8,-35.08485951,-38.831661,-0.0275,0.0275,16,011,0,1,1,0.664557,0.056701,2.163935,0.675974071,0.0,1.356506348,168,672,-674.94848047,-755.006841,-4.062053987500001,-3.630688194464286,-4.058486678571429,4,,14.083333333333334,-766.071663,,-4.5738174375,-4.1243487142857145,,1,,2.3333333333333335,6.035714285714286,,"(0.4470588235294118, 0.09411764705882353, 0.9019607843137255)",True,False,True,True,31,42,11,"(0.25882352941176473, 0.7372549019607844, 0.0)",True,31,31,0,"(0.0, 1.0, 0.0)",False,,,,,False
48_Sn24Ge24_012_125_a0.364341_b0.448454_c1.490206_interface12shift3,12,3,3,Sn,False,16.666666666666664,8,-29.90800429,-34.349418,-0.04167,0.04167,4,012,0,1,2,Ge,False,8,-35.08485951,-38.831661,-0.04167,0.04167,4,125,1,2,5,0.364341,0.448454,1.490206,3.610095024,0.581727207,6.898111343,48,192,-156.07347572,-185.782998,-4.062053987500001,-1.8975127483333332,-2.3458733125,4,,5.458333333333333,-209.221286,,-4.5738174375,-2.8341709791666667,,1,,4.84375,1.1268817204301074,,"(0.32941176470588235, 0.32941176470588235, 0.6666666666666666)",True,False,True,True,52,53,1,"(0.01568627450980392, 0.9803921568627451, 0.0)",True,52,51,1,"(0.01568627450980392, 0.9803921568627451, 0.0)",False,,,,,False
108_Sn48Ge60_001_001_a0.147287_b0.218579_c2.2_interface11shift1,11,1,1,Sn,False,7.4074074074074066,8,-29.90800429,-34.349418,-0.0339,0.0339,8,001,0,0,1,Ge,False,8,-35.08485951,-38.831661,-0.03888,0.03888,10,001,0,0,1,0.147287,0.218579,2.2,2.520913124,0.0,4.978281021,108,432,,,,,,4,,,-488.449485,,-4.5738174375,-3.845077833333333,,1,,1.2916666666666667,,,,True,False,False,False,,,,,False,,,,,False,,,,,False
168_Sn72Ge96_011_011_a0.117117_b0.537975_c2.163935_interface4shift2,4,2,2,Sn,False,4.761904761904762,8,-29.90800429,-34.349418,-0.02397,0.02397,12,011,0,1,1,Ge,False,8,-35.08485951,-38.831661,-0.0275,0.0275,16,011,0,1,1,0.117117,0.537975,2.163935,0.675974071,0.0,1.356506348,168,672,-675.08095299,-755.058173,-4.062053987500001,-3.6314767213690478,-4.058792226190476,4,,7.892857142857143,-766.074183,,-4.5738174375,-4.124363714285714,,1,,2.419642857142857,3.2619926199261995,,"(0.4470588235294118, 0.09411764705882353, 0.9019607843137255)",True,False,True,True,27,41,14,"(0.3411764705882353, 0.6549019607843137, 0.0)",True,27,26,1,"(0.03529411764705882, 0.9607843137254902, 0.0)",False,,,,,False
336_Sn144Ge192_011_011_a0.07732_b0.268041_c2.163935_interface2shift7,2,7,7,Sn,False,2.380952380952381,8,-29.90800429,-34.349418,-0.02397,0.02397,24,011,0,1,1,Ge,False,8,-35.08485951,-38.831661,-0.0275,0.0275,32,011,0,1,1,0.07732,0.268041,2.163935,0.675972462,0.0,1.356506348,336,1344,,,,,,4,,,,,,,,1,,,,,,True,False,False,False,,,,,False,,,,,False,,,,,
168_Sn72Ge96_111_111_a0.012658_b0.183544_c2.262295_interface5shift6,5,6,6,Sn,False,4.761904761904762,8,-29.90800429,-34.349418,-0.02936,0.02936,12,111,1,1,1,Ge,False,8,-35.08485951,-38.831661,-0.03367,0.03367,16,111,1,1,1,0.012658,0.183544,2.262295,0.675974071,0.0,1.356506348,168,672,-681.67780887,-766.223451,-4.062053987500001,-3.670743720654762,-4.125252214285713,4,,13.857142857142858,-768.484889,,-4.5738174375,-4.138713154761904,,1,,0.9925595238095238,13.961019490254873,,"(0.4470588235294118, 0.09411764705882353, 0.9019607843137255)",True,False,True,True,18,20,2,"(0.09803921568627451, 0.8980392156862745, 0.0)",True,18,18,0,"(0.0, 1.0, 0.0)",False,,,,,False
96_Sn48Ge48_112_013_a0.324324_b0.912568_c1.385736_interface6shift5,6,5,5,Sn,False,8.333333333333332,8,-29.90800429,-34.349418,-0.04152,0.04152,8,112,1,1,2,Ge,False,8,-35.08485951,-38.831661,-0.04167,0.04167,8,013,0,1,3,0.324324,0.912568,1.385736,2.520913124,0.0,1.861989498,96,384,,,,,,4,,,-429.444816,,-4.5738174375,-3.7110805937499998,,1,,2.9270833333333335,,,,True,False,False,False,,,,,False,,,,,False,,,,,False
168_Sn72Ge96_011_011_a0.689873_b0.072165_c2.065575_interface3shift6,3,6,6,Sn,False,4.761904761904762,8,-29.90800429,-34.349418,-0.02397,0.02397,12,011,0,1,1,Ge,False,8,-35.08485951,-38.831661,-0.0275,0.0275,16,011,0,1,1,0.689873,0.072165,2.065575,0.675974071,0.0,1.356506348,168,672,-668.65016758,-749.452589,-4.062053987500001,-3.5931982367857143,-4.025425654761905,4,,14.30952380952381,-768.156105,,-4.5738174375,-4.136756107142857,,1,,7.879464285714286,1.816052880075543,,"(0.4470588235294118, 0.09411764705882353, 0.9019607843137255)",True,False,True,True,39,27,12,"(0.3058823529411765, 0.6901960784313725, 0.0)",True,39,39,0,"(0.0, 1.0, 0.0)",False,,,,,False
48_Sn24Ge24_012_125_a0.372093_b0.453608_c1.490206_interface12shift5,12,5,5,Sn,False,16.666666666666664,8,-29.90800429,-34.349418,-0.04167,0.04167,4,012,0,1,2,Ge,False,8,-35.08485951,-38.831661,-0.04167,0.04167,4,125,1,2,5,0.372093,0.453608,1.490206,3.610095024,0.581727207,6.898111343,48,192,-157.20819915,-186.61224,-4.062053987500001,-1.9211528197916667,-2.363149187500001,4,,5.4375,-209.221359,,-4.5738174375,-2.8341724999999998,,1,,4.489583333333333,1.211136890951276,,"(0.32941176470588235, 0.32941176470588235, 0.6666666666666666)",True,False,True,True,49,52,3,"(0.054901960784313725, 0.9411764705882353, 0.0)",True,49,48,1,"(0.0196078431372549, 0.9764705882352941, 0.0)",False,,,,,False
180_Sn36Ge144_012_011_a0.340278_b0.134021_c1.887594_interface8shift5,8,5,5,Sn,False,4.444444444444445,8,-29.90800429,-34.349418,-0.04167,0.04167,6,012,0,1,2,Ge,False,8,-35.08485951,-38.831661,-0.0275,0.0275,24,011,0,1,1,0.340278,0.134021,1.887594,4.490381241,0.0,3.84477973,180,720,-733.74130849,-819.042492,-4.062053987500001,-3.715269137166667,-4.1436745166666675,4,,12.994444444444444,-838.654653,,-4.5738174375,-4.2526309666666675,,1,,1.6388888888888888,7.928813559322034,,"(0.45098039215686275, 0.08627450980392157, 0.9098039215686274)",True,False,True,True,8,11,3,"(0.27058823529411763, 0.7254901960784313, 0.0)",True,8,13,5,"(0.3843137254901961, 0.611764705882353, 0.0)",False,,,,,False
108_Sn48Ge60_001_001_a0.317829_b0.186047_c2.2_interface9shift5,9,5,5,Sn,False,7.4074074074074066,8,-29.90800429,-34.349418,-0.0339,0.0339,8,001,0,0,1,Ge,False,8,-35.08485951,-38.831661,-0.03888,0.03888,10,001,0,0,1,0.317829,0.186047,2.2,2.520913124,0.0,4.978269577,108,432,,,,,,4,,,-488.449631,,-4.5738174375,-3.845079185185185,,1,,1.2685185185185186,,,,True,False,False,False,,,,,False,,,,,False,,,,,False
180_Sn36Ge144_012_011_a0.0_b0.134021_c1.887594_interface8shift8,8,8,8,Sn,False,4.444444444444445,8,-29.90800429,-34.349418,-0.04167,0.04167,6,012,0,1,2,Ge,False,8,-35.08485951,-38.831661,-0.0275,0.0275,24,011,0,1,1,0.0,0.134021,1.887594,4.490381241,0.0,3.84477973,180,720,-733.67777377,-818.998353,-4.062053987500001,-3.7149161665,-4.1434293,4,,12.855555555555556,-838.655022,,-4.5738174375,-4.252633016666667,,1,,1.8583333333333334,6.917787742899851,,"(0.45098039215686275, 0.08627450980392157, 0.9098039215686274)",True,False,True,True,9,9,0,"(0.0, 1.0, 0.0)",True,9,14,5,"(0.3568627450980392, 0.6392156862745098, 0.0)",False,,,,,False
108_Sn48Ge60_001_001_a0.224806_b0.325581_c2.2_interface10shift1,10,1,1,Sn,False,7.4074074074074066,8,-29.90800429,-34.349418,-0.0339,0.0339,8,001,0,0,1,Ge,False,8,-35.08485951,-38.831661,-0.03888,0.03888,10,001,0,0,1,0.224806,0.325581,2.2,2.520913124,0.0,4.978269577,108,432,,,,,,4,,,-488.450215,,-4.5738174375,-3.8450845925925927,,1,,1.1087962962962963,,,,True,False,False,False,,,,,False,,,,,False,,,,,False
168_Sn72Ge96_011_011_a0.117117_b0.037975_c2.163935_interface4shift7,4,7,7,Sn,False,4.761904761904762,8,-29.90800429,-34.349418,-0.02397,0.02397,12,011,0,1,1,Ge,False,8,-35.08485951,-38.831661,-0.0275,0.0275,16,011,0,1,1,0.117117,0.037975,2.163935,0.675974071,0.0,1.356506348,168,672,-675.08095451,-755.058173,-4.062053987500001,-3.6314767304166664,-4.058792226190476,4,,7.773809523809524,-766.074184,,-4.5738174375,-4.124363720238095,,1,,2.5610119047619047,3.0354445090063917,,"(0.4470588235294118, 0.09411764705882353, 0.9019607843137255)",True,False,True,True,26,40,14,"(0.34901960784313724, 0.6470588235294118, 0.0)",True,26,27,1,"(0.03529411764705882, 0.9607843137254902, 0.0)",False,,,,,False
180_Sn36Ge144_012_011_a0.840278_b0.134021_c1.887594_interface7shift6,7,6,6,Sn,False,4.444444444444445,8,-29.90800429,-34.349418,-0.04167,0.04167,6,012,0,1,2,Ge,False,8,-35.08485951,-38.831661,-0.0275,0.0275,24,011,0,1,1,0.840278,0.134021,1.887594,4.490381241,0.0,3.84477973,180,720,-733.4214445,-819.813373,-4.062053987500001,-3.713492115,-4.147957188888889,4,,12.966666666666667,-837.987933,,-4.5738174375,-4.248926966666667,,1,,2.3777777777777778,5.453271028037383,,"(0.45098039215686275, 0.08627450980392157, 0.9098039215686274)",True,False,True,True,12,14,2,"(0.1411764705882353, 0.8549019607843137, 0.0)",True,12,4,8,"(0.6666666666666666, 0.3333333333333333, 0.0)",False,,,,,False
336_Sn144Ge192_011_011_a0.582474_b0.103093_c2.163935_interface2shift3,2,3,3,Sn,False,2.380952380952381,8,-29.90800429,-34.349418,-0.02397,0.02397,24,011,0,1,1,Ge,False,8,-35.08485951,-38.831661,-0.0275,0.0275,32,011,0,1,1,0.582474,0.103093,2.163935,0.675972462,0.0,1.356506348,336,1344,,,,,,4,,,,,,,,1,,,,,,True,False,False,False,,,,,False,,,,,False,,,,,
48_Sn24Ge24_012_125_a0.372093_b0.510309_c1.490206_interface13shift4,13,4,4,Sn,False,16.666666666666664,8,-29.90800429,-34.349418,-0.04167,0.04167,4,012,0,1,2,Ge,False,8,-35.08485951,-38.831661,-0.04167,0.04167,4,125,1,2,5,0.372093,0.510309,1.490206,3.610095024,0.581727207,6.898111343,48,192,-157.61811577,-187.187159,-4.062053987500001,-1.9296927493749998,-2.3751266666666666,4,,5.479166666666667,-208.555363,,-4.5738174375,-2.8202975833333332,,1,,2.0989583333333335,2.6104218362282876,,"(0.32941176470588235, 0.32941176470588235, 0.6666666666666666)",True,False,True,True,46,59,13,"(0.2196078431372549, 0.7764705882352941, 0.0)",True,46,44,2,"(0.043137254901960784, 0.9529411764705882, 0.0)",False,,,,,False
108_Sn48Ge60_001_001_a0.147287_b0.721311_c2.2_interface11shift7,11,7,7,Sn,False,7.4074074074074066,8,-29.90800429,-34.349418,-0.0339,0.0339,8,001,0,0,1,Ge,False,8,-35.08485951,-38.831661,-0.03888,0.03888,10,001,0,0,1,0.147287,0.721311,2.2,2.520913124,0.0,4.978281021,108,432,,,,,,4,,,-488.45037,,-4.5738174375,-3.845086027777778,,1,,1.1990740740740742,,,,True,False,False,False,,,,,False,,,,,False,,,,,False
108_Sn48Ge60_001_001_a0.379845_b0.379845_c2.2_interface10shift8,10,8,8,Sn,False,7.4074074074074066,8,-29.90800429,-34.349418,-0.0339,0.0339,8,001,0,0,1,Ge,False,8,-35.08485951,-38.831661,-0.03888,0.03888,10,001,0,0,1,0.379845,0.379845,2.2,2.520913124,0.0,4.978269577,108,432,,,,,,4,,,-488.44761,,-4.5738174375,-3.845060472222222,,1,,1.2893518518518519,,,,True,False,False,False,,,,,False,,,,,False,,,,,False
48_Sn24Ge24_012_125_a0.356589_b0.448454_c1.490206_interface12shift1,12,1,1,Sn,False,16.666666666666664,8,-29.90800429,-34.349418,-0.04167,0.04167,4,012,0,1,2,Ge,False,8,-35.08485951,-38.831661,-0.04167,0.04167,4,125,1,2,5,0.356589,0.448454,1.490206,3.610095024,0.581727207,6.898111343,48,192,-157.21699383,-186.693278,-4.062053987500001,-1.9213360422916665,-2.364837479166667,4,,5.416666666666667,-208.655286,,-4.5738174375,-2.8223793124999994,,1,,3.8385416666666665,1.4111261872455905,,"(0.32941176470588235, 0.32941176470588235, 0.6666666666666666)",True,False,True,True,48,58,10,"(0.16862745098039217, 0.8274509803921568, 0.0)",True,48,47,1,"(0.0196078431372549, 0.9764705882352941, 0.0)",False,,,,,False
108_Sn48Ge60_001_001_a0.72093_b0.395349_c2.2_interface9shift7,9,7,7,Sn,False,7.4074074074074066,8,-29.90800429,-34.349418,-0.0339,0.0339,8,001,0,0,1,Ge,False,8,-35.08485951,-38.831661,-0.03888,0.03888,10,001,0,0,1,0.72093,0.395349,2.2,2.520913124,0.0,4.978269577,108,432,,,,,,4,,,-488.449112,,-4.5738174375,-3.84507437962963,,1,,1.1967592592592593,,,,True,False,False,False,,,,,False,,,,,False,,,,,False
168_Sn72Ge96_111_111_a0.518987_b0.183544_c2.262295_interface5shift2,5,2,2,Sn,False,4.761904761904762,8,-29.90800429,-34.349418,-0.02936,0.02936,12,111,1,1,1,Ge,False,8,-35.08485951,-38.831661,-0.03367,0.03367,16,111,1,1,1,0.518987,0.183544,2.262295,0.675974071,0.0,1.356506348,168,672,-681.63717229,-766.185471,-4.062053987500001,-3.6705018362499997,-4.125026142857143,4,,13.946428571428571,-768.479717,,-4.5738174375,-4.138682369047619,,1,,0.8229166666666666,16.94755877034358,,"(0.4470588235294118, 0.09411764705882353, 0.9019607843137255)",True,False,True,True,23,25,2,"(0.0784313725490196, 0.9176470588235294, 0.0)",True,23,23,0,"(0.0, 1.0, 0.0)",False,,,,,False
108_Sn48Ge60_001_001_a0.627907_b0.124031_c2.2_interface10shift3,10,3,3,Sn,False,7.4074074074074066,8,-29.90800429,-34.349418,-0.0339,0.0339,8,001,0,0,1,Ge,False,8,-35.08485951,-38.831661,-0.03888,0.03888,10,001,0,0,1,0.627907,0.124031,2.2,2.520913124,0.0,4.978269577,108,432,,,,,,4,,,-488.44897,,-4.5738174375,-3.8450730648148146,,1,,1.1319444444444444,,,,True,False,False,False,,,,,False,,,,,False,,,,,False
48_Sn24Ge24_012_125_a0.0_b0.0_c0.0_interface12shift1,12,1,1,Sn,False,16.666666666666664,8,-29.90800429,-34.349418,-0.04167,0.04167,4,012,0,1,2,Ge,False,8,-35.08485951,-38.831661,-0.04167,0.04167,4,125,1,2,5,0.0,0.0,0.0,3.610095024,0.581727207,6.898111343,48,192,614.18457447,342.28358,-4.062053987500001,14.149529963958335,8.655513729166666,4,,6.958333333333333,-216.060269,,-4.5738174375,-2.9766497916666665,,1,,4.338541666666667,1.6038415366146457,,"(0.32941176470588235, 0.32941176470588235, 0.6666666666666666)",False,False,False,True,60,44,16,"(0.26666666666666666, 0.7333333333333333, 0.0)",True,60,60,0,"(0.0, 1.0, 0.0)",False,,,,,False
108_Sn48Ge60_001_001_a0.821705_b0.193798_c2.2_interface9shift2,9,2,2,Sn,False,7.4074074074074066,8,-29.90800429,-34.349418,-0.0339,0.0339,8,001,0,0,1,Ge,False,8,-35.08485951,-38.831661,-0.03888,0.03888,10,001,0,0,1,0.821705,0.193798,2.2,2.520913124,0.0,4.978269577,108,432,,,,,,4,,,-488.449516,,-4.5738174375,-3.8450781203703706,,1,,1.1875,,,,True,False,False,False,,,,,False,,,,,False,,,,,False
108_Sn48Ge60_001_001_a0.0_b0.0_c0.0_interface9shift1,9,1,1,Sn,False,7.4074074074074066,8,-29.90800429,-34.349418,-0.0339,0.0339,8,001,0,0,1,Ge,False,8,-35.08485951,-38.831661,-0.03888,0.03888,10,001,0,0,1,0.0,0.0,0.0,2.520913124,0.0,4.978269577,108,432,,,,,,4,,,,,,,,1,,,,,,False,False,False,False,,,,,False,,,,,False,,,,,
108_Sn48Ge60_001_001_a0.0_b0.0_c0.0_interface11shift1,11,1,1,Sn,False,7.4074074074074066,8,-29.90800429,-34.349418,-0.0339,0.0339,8,001,0,0,1,Ge,False,8,-35.08485951,-38.831661,-0.03888,0.03888,10,001,0,0,1,0.0,0.0,0.0,2.520913124,0.0,4.978281021,108,432,,,,,,4,,,,,,,,1,,,,,,False,False,False,False,,,,,False,,,,,False,,,,,
108_Sn48Ge60_001_001_a0.147287_b0.224044_c2.2_interface11shift2,11,2,2,Sn,False,7.4074074074074066,8,-29.90800429,-34.349418,-0.0339,0.0339,8,001,0,0,1,Ge,False,8,-35.08485951,-38.831661,-0.03888,0.03888,10,001,0,0,1,0.147287,0.224044,2.2,2.520913124,0.0,4.978281021,108,432,,,,,,4,,,-488.450351,,-4.5738174375,-3.845085851851852,,1,,1.1990740740740742,,,,True,False,False,False,,,,,False,,,,,False,,,,,False
336_Sn144Ge192_011_011_a0.448454_b0.020619_c2.163935_interface1shift2,1,2,2,Sn,False,2.380952380952381,8,-29.90800429,-34.349418,-0.02397,0.02397,24,011,0,1,1,Ge,False,8,-35.08485951,-38.831661,-0.0275,0.0275,32,011,0,1,1,0.448454,0.020619,2.163935,0.675972462,0.0,1.356506348,336,1344,,,,,,4,,,,,,,,1,,,,,,True,False,False,False,,,,,False,,,,,False,,,,,
96_Sn48Ge48_112_013_a0.324324_b0.409836_c1.385736_interface6shift6,6,6,6,Sn,False,8.333333333333332,8,-29.90800429,-34.349418,-0.04152,0.04152,8,112,1,1,2,Ge,False,8,-35.08485951,-38.831661,-0.04167,0.04167,8,013,0,1,3,0.324324,0.409836,1.385736,2.520913124,0.0,1.861989498,96,384,,,,,,4,,,-429.326887,,-4.5738174375,-3.7098521666666664,,1,,2.7369791666666665,,,,True,False,False,False,,,,,False,,,,,False,,,,,False
48_Sn24Ge24_012_125_a0.364341_b0.453608_c1.490206_interface12shift4,12,4,4,Sn,False,16.666666666666664,8,-29.90800429,-34.349418,-0.04167,0.04167,4,012,0,1,2,Ge,False,8,-35.08485951,-38.831661,-0.04167,0.04167,4,125,1,2,5,0.364341,0.453608,1.490206,3.610095024,0.581727207,6.898111343,48,192,-158.21890045,-187.434004,-4.062053987500001,-1.9422090968749999,-2.3802692708333333,4,,5.4375,-209.23458,,-4.5738174375,-2.8344479375,,1,,2.9166666666666665,1.8642857142857143,,"(0.32941176470588235, 0.32941176470588235, 0.6666666666666666)",True,False,True,True,43,51,8,"(0.1568627450980392, 0.8431372549019608, 0.0)",True,43,43,0,"(0.0, 1.0, 0.0)",False,,,,,False
168_Sn72Ge96_011_011_a0.117117_b0.031646_c2.163935_interface4shift3,4,3,3,Sn,False,4.761904761904762,8,-29.90800429,-34.349418,-0.02397,0.02397,12,011,0,1,1,Ge,False,8,-35.08485951,-38.831661,-0.0275,0.0275,16,011,0,1,1,0.117117,0.031646,2.163935,0.675974071,0.0,1.356506348,168,672,-674.7208267,-754.956106,-4.062053987500001,-3.6293331125,-4.058184684523809,4,,7.934523809523809,-767.892587,,-4.5738174375,-4.135187547619048,,1,,6.2663690476190474,1.2662075516504394,,"(0.4470588235294118, 0.09411764705882353, 0.9019607843137255)",True,False,True,True,35,32,3,"(0.08235294117647059, 0.9137254901960784, 0.0)",True,35,33,2,"(0.054901960784313725, 0.9411764705882353, 0.0)",False,,,,,False
336_Sn144Ge192_011_011_a0.07732_b0.103093_c2.163935_interface2shift8,2,8,8,Sn,False,2.380952380952381,8,-29.90800429,-34.349418,-0.02397,0.02397,24,011,0,1,1,Ge,False,8,-35.08485951,-38.831661,-0.0275,0.0275,32,011,0,1,1,0.07732,0.103093,2.163935,0.675972462,0.0,1.356506348,336,1344,,,,,,4,,,,,,,,1,,,,,,True,False,False,False,,,,,False,,,,,False,,,,,
96_Sn48Ge48_112_013_a0.333333_b0.912568_c1.385736_interface6shift8,6,8,8,Sn,False,8.333333333333332,8,-29.90800429,-34.349418,-0.04152,0.04152,8,112,1,1,2,Ge,False,8,-35.08485951,-38.831661,-0.04167,0.04167,8,013,0,1,3,0.333333,0.912568,1.385736,2.520913124,0.0,1.861989498,96,384,,,,,,4,,,-429.205045,,-4.5738174375,-3.7085829791666662,,1,,2.1640625,,,,True,False,False,False,,,,,False,,,,,False,,,,,False
168_Sn72Ge96_011_011_a0.126126_b0.025316_c2.163935_interface4shift4,4,4,4,Sn,False,4.761904761904762,8,-29.90800429,-34.349418,-0.02397,0.02397,12,011,0,1,1,Ge,False,8,-35.08485951,-38.831661,-0.0275,0.0275,16,011,0,1,1,0.126126,0.025316,2.163935,0.675974071,0.0,1.356506348,168,672,-674.58999233,-754.917719,-4.062053987500001,-3.628554336488095,-4.057956190476191,4,,6.529761904761905,-767.664616,,-4.5738174375,-4.1338305773809525,,1,,2.7395833333333335,2.383487235198262,,"(0.4470588235294118, 0.09411764705882353, 0.9019607843137255)",True,False,True,True,38,38,0,"(0.0, 1.0, 0.0)",True,38,37,1,"(0.023529411764705882, 0.9725490196078431, 0.0)",False,,,,,False
180_Sn36Ge144_012_011_a0.506944_b0.128866_c1.887594_interface8shift2,8,2,2,Sn,False,4.444444444444445,8,-29.90800429,-34.349418,-0.04167,0.04167,6,012,0,1,2,Ge,False,8,-35.08485951,-38.831661,-0.0275,0.0275,24,011,0,1,1,0.506944,0.128866,1.887594,4.490381241,0.0,3.84477973,180,720,-734.38527605,-819.27853,-4.062053987500001,-3.7188467347222223,-4.144985838888889,4,,12.716666666666667,-838.81561,,-4.5738174375,-4.253525172222222,,1,,2.4069444444444446,5.2833237160992494,,"(0.45098039215686275, 0.08627450980392157, 0.9098039215686274)",True,False,True,True,1,7,6,"(0.8549019607843137, 0.1411764705882353, 0.0)",True,1,9,8,"(0.8862745098039215, 0.10980392156862745, 0.0)",False,,,,,False
336_Sn144Ge192_011_011_a0.829897_b0.020619_c2.163935_interface2shift5,2,5,5,Sn,False,2.380952380952381,8,-29.90800429,-34.349418,-0.02397,0.02397,24,011,0,1,1,Ge,False,8,-35.08485951,-38.831661,-0.0275,0.0275,32,011,0,1,1,0.829897,0.020619,2.163935,0.675972462,0.0,1.356506348,336,1344,,,,,,4,,,,,,,,1,,,,,,True,False,False,False,,,,,False,,,,,False,,,,,
168_Sn72Ge96_011_011_a0.670886_b0.06701_c2.163935_interface3shift1,3,1,1,Sn,False,4.761904761904762,8,-29.90800429,-34.349418,-0.02397,0.02397,12,011,0,1,1,Ge,False,8,-35.08485951,-38.831661,-0.0275,0.0275,16,011,0,1,1,0.670886,0.06701,2.163935,0.675974071,0.0,1.356506348,168,672,-675.0044331,-755.017117,-4.062053987500001,-3.6310212458333333,-4.0585478452380945,4,,13.017857142857142,-767.892596,,-4.5738174375,-4.135187601190476,,1,,6.595238095238095,1.9738267148014441,,"(0.4470588235294118, 0.09411764705882353, 0.9019607843137255)",True,False,True,True,28,31,3,"(0.09411764705882353, 0.9019607843137255, 0.0)",True,28,30,2,"(0.06666666666666667, 0.9333333333333333, 0.0)",False,,,,,False
48_Sn24Ge24_012_125_a0.077519_b0.927835_c1.589553_interface13shift7,13,7,7,Sn,False,16.666666666666664,8,-29.90800429,-34.349418,-0.04167,0.04167,4,012,0,1,2,Ge,False,8,-35.08485951,-38.831661,-0.04167,0.04167,4,125,1,2,5,0.077519,0.927835,1.589553,3.610095024,0.581727207,6.898111343,48,192,-158.52088767,-187.100334,-4.062053987500001,-1.9485004972916666,-2.3733178125000003,4,,5.604166666666667,-208.886799,,-4.5738174375,-2.8272025,,1,,4.755208333333333,1.1785323110624317,,"(0.32941176470588235, 0.32941176470588235, 0.6666666666666666)",True,False,True,True,42,57,15,"(0.2627450980392157, 0.7333333333333333, 0.0)",True,42,45,3,"(0.06666666666666667, 0.9333333333333333, 0.0)",False,,,,,False
108_Sn48Ge60_001_001_a0.147287_b0.47541_c2.2_interface11shift8,11,8,8,Sn,False,7.4074074074074066,8,-29.90800429,-34.349418,-0.0339,0.0339,8,001,0,0,1,Ge,False,8,-35.08485951,-38.831661,-0.03888,0.03888,10,001,0,0,1,0.147287,0.47541,2.2,2.520913124,0.0,4.978281021,108,432,,,,,,4,,,-488.449501,,-4.5738174375,-3.8450779814814813,,1,,1.2430555555555556,,,,True,False,False,False,,,,,False,,,,,False,,,,,False
168_Sn72Ge96_111_111_a0.0_b0.0_c0.0_interface5shift1,5,1,1,Sn,False,4.761904761904762,8,-29.90800429,-34.349418,-0.02936,0.02936,12,111,1,1,1,Ge,False,8,-35.08485951,-38.831661,-0.03367,0.03367,16,111,1,1,1,0.0,0.0,0.0,0.675974071,0.0,1.356506348,168,672,6567.53412236,2767.95869,-4.062053987500001,39.47932729857142,,4,,13.011904761904763,,,,,,1,,,,,,False,False,False,False,,,,,False,,,,,False,,,,,
336_Sn144Ge192_011_011_a0.448454_b0.025773_c2.163935_interface1shift6,1,6,6,Sn,False,2.380952380952381,8,-29.90800429,-34.349418,-0.02397,0.02397,24,011,0,1,1,Ge,False,8,-35.08485951,-38.831661,-0.0275,0.0275,32,011,0,1,1,0.448454,0.025773,2.163935,0.675972462,0.0,1.356506348,336,1344,,,,,,4,,,,,,,,1,,,,,,True,False,False,False,,,,,False,,,,,False,,,,,
180_Sn36Ge144_012_011_a0.0_b0.0_c0.0_interface7shift1,7,1,1,Sn,False,4.444444444444445,8,-29.90800429,-34.349418,-0.04167,0.04167,6,012,0,1,2,Ge,False,8,-35.08485951,-38.831661,-0.0275,0.0275,24,011,0,1,1,0.0,0.0,0.0,4.490381241,0.0,3.84477973,180,720,196.08485374,-95.20134,-4.062053987500001,1.450431764111111,-0.12233478333333336,4,,9.577777777777778,-840.259467,,-4.5738174375,-4.261546599999999,,1,,6.6,1.4511784511784511,,"(0.45098039215686275, 0.08627450980392157, 0.9098039215686274)",False,False,False,True,58,2,56,"(0.9647058823529412, 0.03137254901960784, 0.0)",True,58,58,0,"(0.0, 1.0, 0.0)",False,,,,,False
108_Sn48Ge60_001_001_a0.0_b0.0_c0.0_interface10shift1,10,1,1,Sn,False,7.4074074074074066,8,-29.90800429,-34.349418,-0.0339,0.0339,8,001,0,0,1,Ge,False,8,-35.08485951,-38.831661,-0.03888,0.03888,10,001,0,0,1,0.0,0.0,0.0,2.520913124,0.0,4.978269577,108,432,,,,,,4,,,,,,,,1,,,,,,False,False,False,False,,,,,False,,,,,False,,,,,
168_Sn72Ge96_111_111_a0.018987_b0.189873_c2.262295_interface5shift7,5,7,7,Sn,False,4.761904761904762,8,-29.90800429,-34.349418,-0.02936,0.02936,12,111,1,1,1,Ge,False,8,-35.08485951,-38.831661,-0.03367,0.03367,16,111,1,1,1,0.018987,0.189873,2.262295,0.675974071,0.0,1.356506348,168,672,-681.66440999,-766.210875,-4.062053987500001,-3.6706639654166664,-4.125177357142857,4,,14.154761904761905,-768.483126,,-4.5738174375,-4.138702660714285,,1,,0.9925595238095238,14.26086956521739,,"(0.4470588235294118, 0.09411764705882353, 0.9019607843137255)",True,False,True,True,21,22,1,"(0.043137254901960784, 0.9529411764705882, 0.0)",True,21,20,1,"(0.047058823529411764, 0.9490196078431372, 0.0)",False,,,,,False
168_Sn72Ge96_011_011_a0.670886_b0.072165_c2.163935_interface3shift3,3,3,3,Sn,False,4.761904761904762,8,-29.90800429,-34.349418,-0.02397,0.02397,12,011,0,1,1,Ge,False,8,-35.08485951,-38.831661,-0.0275,0.0275,16,011,0,1,1,0.670886,0.072165,2.163935,0.675974071,0.0,1.356506348,168,672,-674.88342705,-754.978326,-4.062053987500001,-3.6303009717261907,-4.0583169464285715,4,,14.18452380952381,-767.679178,,-4.5738174375,-4.1339172559523805,,1,,3.318452380952381,4.274439461883408,,"(0.4470588235294118, 0.09411764705882353, 0.9019607843137255)",True,False,True,True,32,37,5,"(0.13333333333333333, 0.8627450980392157, 0.0)",True,32,32,0,"(0.0, 1.0, 0.0)",False,,,,,False
108_Sn48Ge60_001_001_a0.472868_b0.147287_c2.2_interface9shift4,9,4,4,Sn,False,7.4074074074074066,8,-29.90800429,-34.349418,-0.0339,0.0339,8,001,0,0,1,Ge,False,8,-35.08485951,-38.831661,-0.03888,0.03888,10,001,0,0,1,0.472868,0.147287,2.2,2.520913124,0.0,4.978269577,108,432,,,,,,4,,,-488.446565,,-4.5738174375,-3.8450507962962965,,1,,1.4583333333333333,,,,True,False,False,False,,,,,False,,,,,False,,,,,False
180_Sn36Ge144_012_011_a0.513889_b0.128866_c1.887594_interface8shift3,8,3,3,Sn,False,4.444444444444445,8,-29.90800429,-34.349418,-0.04167,0.04167,6,012,0,1,2,Ge,False,8,-35.08485951,-38.831661,-0.0275,0.0275,24,011,0,1,1,0.513889,0.128866,1.887594,4.490381241,0.0,3.84477973,180,720,-734.02887972,-818.900719,-4.062053987500001,-3.716866755111111,-4.1428868888888895,4,,12.811111111111112,-839.460629,,-4.5738174375,-4.257108611111111,,1,,3.3930555555555557,3.775685632419157,,"(0.45098039215686275, 0.08627450980392157, 0.9098039215686274)",True,False,True,True,4,3,1,"(0.24705882352941178, 0.7490196078431373, 0.0)",True,4,15,11,"(0.7333333333333333, 0.26666666666666666, 0.0)",False,,,,,False
108_Sn48Ge60_001_001_a0.821705_b0.186047_c2.2_interface9shift6,9,6,6,Sn,False,7.4074074074074066,8,-29.90800429,-34.349418,-0.0339,0.0339,8,001,0,0,1,Ge,False,8,-35.08485951,-38.831661,-0.03888,0.03888,10,001,0,0,1,0.821705,0.186047,2.2,2.520913124,0.0,4.978269577,108,432,,,,,,4,,,-488.449443,,-4.5738174375,-3.845077444444444,,1,,1.2291666666666667,,,,True,False,False,False,,,,,False,,,,,False,,,,,False
168_Sn72Ge96_011_011_a0.164557_b0.061856_c2.163935_interface3shift4,3,4,4,Sn,False,4.761904761904762,8,-29.90800429,-34.349418,-0.02397,0.02397,12,011,0,1,1,Ge,False,8,-35.08485951,-38.831661,-0.0275,0.0275,16,011,0,1,1,0.164557,0.061856,2.163935,0.675974071,0.0,1.356506348,168,672,-674.77334824,-754.954454,-4.062053987500001,-3.629645740714286,-4.0581748511904765,4,,11.898809523809524,-767.872433,,-4.5738174375,-4.135067583333334,,1,,6.596726190476191,1.8037446424543198,,"(0.4470588235294118, 0.09411764705882353, 0.9019607843137255)",True,False,True,True,34,35,1,"(0.027450980392156862, 0.9686274509803922, 0.0)",True,34,36,2,"(0.054901960784313725, 0.9411764705882353, 0.0)",False,,,,,False
180_Sn36Ge144_012_011_a0.0_b0.134021_c1.887594_interface7shift7,7,7,7,Sn,False,4.444444444444445,8,-29.90800429,-34.349418,-0.04167,0.04167,6,012,0,1,2,Ge,False,8,-35.08485951,-38.831661,-0.0275,0.0275,24,011,0,1,1,0.0,0.134021,1.887594,4.490381241,0.0,3.84477973,180,720,-733.48718784,-819.79164,-4.062053987500001,-3.713857355777778,-4.14783645,4,,13.216666666666667,-838.164305,,-4.5738174375,-4.249906811111112,,1,,2.986111111111111,4.426046511627907,,"(0.45098039215686275, 0.08627450980392157, 0.9098039215686274)",True,False,True,True,10,12,2,"(0.16470588235294117, 0.8313725490196079, 0.0)",True,10,7,3,"(0.2980392156862745, 0.6980392156862745, 0.0)",False,,,,,False
168_Sn72Ge96_111_111_a0.518987_b0.189873_c2.262295_interface5shift1,5,1,1,Sn,False,4.761904761904762,8,-29.90800429,-34.349418,-0.02936,0.02936,12,111,1,1,1,Ge,False,8,-35.08485951,-38.831661,-0.03367,0.03367,16,111,1,1,1,0.518987,0.189873,2.262295,0.675974071,0.0,1.356506348,168,672,-681.66441051,-766.210875,-4.062053987500001,-3.670663968511905,-4.125177357142857,4,,13.880952380952381,-768.483126,,-4.5738174375,-4.138702660714285,,1,,0.8214285714285714,16.898550724637683,,"(0.4470588235294118, 0.09411764705882353, 0.9019607843137255)",True,False,True,True,20,23,3,"(0.12941176470588237, 0.8666666666666667, 0.0)",True,20,21,1,"(0.047058823529411764, 0.9490196078431372, 0.0)",False,,,,,False
168_Sn72Ge96_011_011_a0.0_b0.0_c0.0_interface3shift1,3,1,1,Sn,False,4.761904761904762,8,-29.90800429,-34.349418,-0.02397,0.02397,12,011,0,1,1,Ge,False,8,-35.08485951,-38.831661,-0.0275,0.0275,16,011,0,1,1,0.0,0.0,0.0,0.675974071,0.0,1.356506348,168,672,1750.52310001,540.832529,-4.062053987500001,10.80664264172619,,4,,12.56547619047619,,,,,,1,,,,,,False,False,False,False,,,,,False,,,,,False,,,,,
180_Sn36Ge144_012_011_a0.340278_b0.134021_c1.887594_interface7shift5,7,5,5,Sn,False,4.444444444444445,8,-29.90800429,-34.349418,-0.04167,0.04167,6,012,0,1,2,Ge,False,8,-35.08485951,-38.831661,-0.0275,0.0275,24,011,0,1,1,0.340278,0.134021,1.887594,4.490381241,0.0,3.84477973,180,720,-733.42141495,-819.813352,-4.062053987500001,-3.7134919508333333,-4.147957072222222,4,,12.78888888888889,-837.987933,,-4.5738174375,-4.248926966666667,,1,,2.477777777777778,5.161434977578476,,"(0.45098039215686275, 0.08627450980392157, 0.9098039215686274)",True,False,True,True,14,15,1,"(0.06666666666666667, 0.9333333333333333, 0.0)",True,14,6,8,"(0.5686274509803921, 0.42745098039215684, 0.0)",False,,,,,False
336_Sn144Ge192_011_011_a0.0_b0.0_c0.0_interface1shift1,1,1,1,Sn,False,2.380952380952381,8,-29.90800429,-34.349418,-0.02397,0.02397,24,011,0,1,1,Ge,False,8,-35.08485951,-38.831661,-0.0275,0.0275,32,011,0,1,1,0.0,0.0,0.0,0.675972462,0.0,1.356506348,336,1344,,,,,,4,,,,,,,,1,,,,,,False,False,False,False,,,,,False,,,,,False,,,,,
48_Sn24Ge24_012_125_a0.356589_b0.443299_c1.490206_interface12shift2,12,2,2,Sn,False,16.666666666666664,8,-29.90800429,-34.349418,-0.04167,0.04167,4,012,0,1,2,Ge,False,8,-35.08485951,-38.831661,-0.04167,0.04167,4,125,1,2,5,0.356589,0.443299,1.490206,3.610095024,0.581727207,6.898111343,48,192,-155.00300453,-184.994481,-4.062053987500001,-1.875211265208333,-2.3294458749999998,4,,5.458333333333333,-209.035222,,-4.5738174375,-2.830294645833334,,1,,7.78125,0.7014725568942436,,"(0.32941176470588235, 0.32941176470588235, 0.6666666666666666)",True,False,True,True,55,55,0,"(0.0, 1.0, 0.0)",True,55,55,0,"(0.0, 1.0, 0.0)",False,,,,,False
108_Sn48Ge60_001_001_a0.147287_b0.469945_c2.2_interface11shift5,11,5,5,Sn,False,7.4074074074074066,8,-29.90800429,-34.349418,-0.0339,0.0339,8,001,0,0,1,Ge,False,8,-35.08485951,-38.831661,-0.03888,0.03888,10,001,0,0,1,0.147287,0.469945,2.2,2.520913124,0.0,4.978281021,108,432,,,,,,4,,,-488.450206,,-4.5738174375,-3.845084509259259,,1,,1.2523148148148149,,,,True,False,False,False,,,,,False,,,,,False,,,,,False
168_Sn72Ge96_011_011_a0.117117_b0.531646_c2.163935_interface4shift5,4,5,5,Sn,False,4.761904761904762,8,-29.90800429,-34.349418,-0.02397,0.02397,12,011,0,1,1,Ge,False,8,-35.08485951,-38.831661,-0.0275,0.0275,16,011,0,1,1,0.117117,0.531646,2.163935,0.675974071,0.0,1.356506348,168,672,-674.72082637,-754.956106,-4.062053987500001,-3.6293331105357147,-4.058184684523809,4,,7.767857142857143,-767.892587,,-4.5738174375,-4.135187547619048,,1,,6.382440476190476,1.217066915364887,,"(0.4470588235294118, 0.09411764705882353, 0.9019607843137255)",True,False,True,True,36,33,3,"(0.08235294117647059, 0.9137254901960784, 0.0)",True,36,34,2,"(0.054901960784313725, 0.9411764705882353, 0.0)",False,,,,,False
48_Sn24Ge24_012_125_a0.364341_b0.505155_c1.490206_interface13shift2,13,2,2,Sn,False,16.666666666666664,8,-29.90800429,-34.349418,-0.04167,0.04167,4,012,0,1,2,Ge,False,8,-35.08485951,-38.831661,-0.04167,0.04167,4,125,1,2,5,0.364341,0.505155,1.490206,3.610095024,0.581727207,6.898111343,48,192,-156.53522386,-186.409522,-4.062053987500001,-1.9071325012499998,-2.358925895833334,4,,6.0,-209.4433,,-4.5738174375,-2.8387962708333334,,1,,4.354166666666667,1.3779904306220094,,"(0.32941176470588235, 0.32941176470588235, 0.6666666666666666)",True,False,True,True,50,50,0,"(0.0, 1.0, 0.0)",True,50,49,1,"(0.0196078431372549, 0.9764705882352941, 0.0)",False,,,,,False
180_Sn36Ge144_012_011_a0.506944_b0.139175_c1.887594_interface8shift7,8,7,7,Sn,False,4.444444444444445,8,-29.90800429,-34.349418,-0.04167,0.04167,6,012,0,1,2,Ge,False,8,-35.08485951,-38.831661,-0.0275,0.0275,24,011,0,1,1,0.506944,0.139175,1.887594,4.490381241,0.0,3.84477973,180,720,-733.12624257,-818.821892,-4.062053987500001,-3.711852104277778,-4.142448961111111,4,,12.716666666666667,-838.657775,,-4.5738174375,-4.252648311111111,,1,,1.9194444444444445,6.625180897250361,,"(0.45098039215686275, 0.08627450980392157, 0.9098039215686274)",True,False,True,True,15,8,7,"(0.4666666666666667, 0.5333333333333333, 0.0)",True,15,16,1,"(0.058823529411764705, 0.9372549019607843, 0.0)",False,,,,,False
108_Sn48Ge60_001_001_a0.217054_b0.395349_c2.2_interface9shift8,9,8,8,Sn,False,7.4074074074074066,8,-29.90800429,-34.349418,-0.0339,0.0339,8,001,0,0,1,Ge,False,8,-35.08485951,-38.831661,-0.03888,0.03888,10,001,0,0,1,0.217054,0.395349,2.2,2.520913124,0.0,4.978269577,108,432,,,,,,4,,,-488.449513,,-4.5738174375,-3.8450780925925927,,1,,1.224537037037037,,,,True,False,False,False,,,,,False,,,,,False,,,,,False
96_Sn48Ge48_112_013_a0.0_b0.0_c0.0_interface6shift1,6,1,1,Sn,False,8.333333333333332,8,-29.90800429,-34.349418,-0.04152,0.04152,8,112,1,1,2,Ge,False,8,-35.08485951,-38.831661,-0.04167,0.04167,8,013,0,1,3,0.0,0.0,0.0,2.520913124,0.0,1.861989498,96,384,,,,,,4,,,-433.896065,,-4.5738174375,-3.7574477708333336,,1,,5.361979166666667,,,,False,False,False,False,,,,,False,,,,,False,,,,,False
96_Sn48Ge48_112_013_a0.324324_b0.661202_c1.385736_interface6shift7,6,7,7,Sn,False,8.333333333333332,8,-29.90800429,-34.349418,-0.04152,0.04152,8,112,1,1,2,Ge,False,8,-35.08485951,-38.831661,-0.04167,0.04167,8,013,0,1,3,0.324324,0.661202,1.385736,2.520913124,0.0,1.861989498,96,384,,,,,,4,,,-429.348223,,-4.5738174375,-3.7100744166666666,,1,,3.0338541666666665,,,,True,False,False,False,,,,,False,,,,,False,,,,,False
180_Sn36Ge144_012_011_a0.006944_b0.134021_c1.887594_interface7shift8,7,8,8,Sn,False,4.444444444444445,8,-29.90800429,-34.349418,-0.04167,0.04167,6,012,0,1,2,Ge,False,8,-35.08485951,-38.831661,-0.0275,0.0275,24,011,0,1,1,0.006944,0.134021,1.887594,4.490381241,0.0,3.84477973,180,720,-733.42143079,-819.813371,-4.062053987500001,-3.7134920388333335,-4.147957177777778,4,,12.938888888888888,-837.987933,,-4.5738174375,-4.248926966666667,,1,,2.3722222222222222,5.4543325526932085,,"(0.45098039215686275, 0.08627450980392157, 0.9098039215686274)",True,False,True,True,13,16,3,"(0.1843137254901961, 0.8117647058823529, 0.0)",True,13,5,8,"(0.611764705882353, 0.3843137254901961, 0.0)",False,,,,,False
